{
  "color_intrinsic": {
    "fx": 746.4197998046875,
    "fy": 747.6421508789062,
    "cx": 637.3069458007812,
    "cy": 392.0877685546875,
    "k1": 0.0186585932970047,
    "k2": -0.06919481605291367,
    "p1": -0.0006577080930583179,
    "p2": 0.0004150918102823198,
    "k3": 0.04672692343592644
  },
  "ir_intrinsic": {
    "fx": 783.2539672851562,
    "fy": 783.9658813476562,
    "cx": 642.220947265625,
    "cy": 404.4352722167969,
    "k1": 0.031232580542564392,
    "k2": -0.07772404700517654,
    "p1": 0.0006818529218435287,
    "p2": 0.0006401577265933156,
    "k3": 0.040875937789678574
  },
  "lite_ir_intrinsic": {
    "fx": 783.2539672851562,
    "fy": 783.9658813476562,
    "cx": 642.220947265625,
    "cy": 404.4352722167969,
    "k1": 0.031232580542564392,
    "k2": -0.07772404700517654,
    "p1": 0.0006818529218435287,
    "p2": 0.0006401577265933156,
    "k3": 0.040875937789678574
  },
  "depth_to_color_extrinsic": {
    "rotation_3x3": [
      [0.9999839663505554, 0.0056014284491539, -0.0008459438686259091],
      [-0.005602329503744841, 0.9999837279319763, -0.001066659577190876],
      [0.0008399552898481488, 0.001071381731890142, 0.9999990463256836]
    ],
    "translation": {
      "x": 10.751551628112793,
      "y": -0.6529058218002319,
      "z": 1.4751323461532593
    }
  }
}
