{
  "color_intrinsic": {
    "fx": 1013.9299535934682,
    "fy": 990.6295417964615,
    "cx": 952.7410538859834,
    "cy": 520.3408593870842,
    "k1": 0.023497169760462597,
    "k2": -0.2494104164989097,
    "p1": 0.014660318703938956,
    "p2": -0.0005931894343246502,
    "k3": 0.40130183316416845,
    "k4": 0.0,
    "k5": 0.0,
    "k6": 0.0
  },
  "depth_intrinsic": {
    "fx": 391.6269836425781,
    "fy": 391.9829406738281,
    "cx": 321.1104736328125,
    "cy": 202.21763610839844,
    "k1": 0.031232580542564392,
    "k2": -0.07772404700517654,
    "p1": 0.0006818529218435287,
    "p2": 0.0006401577265933156,
    "k3": 0.040875937789678574,
    "k4": 0.0,
    "k5": 0.0,
    "k6": 0.0
  },
  "ir_intrinsic": {
    "fx": 391.6269836425781,
    "fy": 391.9829406738281,
    "cx": 321.1104736328125,
    "cy": 202.21763610839844,
    "k1": 0.031232580542564392,
    "k2": -0.07772404700517654,
    "p1": 0.0006818529218435287,
    "p2": 0.0006401577265933156,
    "k3": 0.040875937789678574,
    "k4": 0.0,
    "k5": 0.0,
    "k6": 0.0
  },
  "color_distortion": {
    "k1": 0.023497169760462597,
    "k2": -0.2494104164989097,
    "p1": 0.014660318703938956,
    "p2": -0.0005931894343246502,
    "k3": 0.40130183316416845,
    "k4": 0.0,
    "k5": 0.0,
    "k6": 0.0
  },
  "depth_distortion": {
    "k1": 0.031232580542564392,
    "k2": -0.07772404700517654,
    "p1": 0.0006818529218435287,
    "p2": 0.0006401577265933156,
    "k3": 0.040875937789678574,
    "k4": 0.0,
    "k5": 0.0,
    "k6": 0.0
  },
  "rotateIntrinsicParams": {
    "rotate1": 0.9999839663505554,
    "rotate2": 0.0056014284491539,
    "rotate3": -0.0008459438686259091,
    "rotate4": -0.005602329503744841,
    "rotate5": 0.9999837279319763,
    "rotate6": -0.001066659577190876,
    "rotate7": 0.0008399552898481488,
    "rotate8": 0.001071381731890142,
    "rotate9": 0.9999990463256836
  },
  "translationIntrinsicParams": {
    "translation1": 10.751551628112793,
    "translation2": -0.6529058218002319,
    "translation3": 1.4751323461532593
  },
  "estimation_metadata": {
    "image_size": {
      "width": 1920,
      "height": 1080
    },
    "total_images": 4,
    "used_images": 4,
    "rms_reprojection_error_px": 0.5294067578953165,
    "depth_intrinsic_source": {
      "source_file": "/home/bdck/PROJECTS_WSL/VAimaging_depth_camera/intrinsics_extrinsics_from_camera.json",
      "source_key": "liteIrIntrinsicParams",
      "sdk_base_size": {
        "width": 1280,
        "height": 800
      },
      "measurement_size": {
        "width": 640,
        "height": 400
      }
    },
    "board": {
      "squares_x": 11,
      "squares_y": 8,
      "square_length_m": 0.022,
      "marker_length_m": 0.016,
      "aruco_dict": "DICT_4X4_50"
    }
  }
}
