{
    "pose_A": [
        [
            -0.9997817304732597,
            -0.007866047425337358,
            -0.019355017690421906,
            0.15630943319511498
        ],
        [
            -0.006776152931356406,
            -0.7542480951049236,
            0.6565545634462111,
            -0.0033881322859062035
        ],
        [
            -0.019762974557112383,
            0.6565424101522279,
            0.7540301641898405,
            -0.18978502072501505
        ],
        [
            0.0,
            0.0,
            0.0,
            1.0
        ]
    ],
    "pose_B": [
        [
            0.10978659756398734,
            0.7854710341463652,
            -0.6090830464824668,
            0.2477048715391265
        ],
        [
            -0.9879773541368319,
            0.15334249112636172,
            0.01966794671405231,
            0.1163461775941846
        ],
        [
            0.10884691409547725,
            0.5996009797625428,
            0.7928625444297961,
            -0.1841868073557788
        ],
        [
            0.0,
            0.0,
            0.0,
            1.0
        ]
    ],
    "pose_C": [
        [
            0.9992954118788581,
            -0.02653063257520679,
            -0.026548170050361822,
            0.10503659278214722
        ],
        [
            0.0010602307699162043,
            0.7270120818888821,
            -0.6866238480407654,
            0.18732631845332717
        ],
        [
            0.03751740540839778,
            0.6861119138469707,
            0.7265279664050581,
            -0.15751960493304445
        ],
        [
            0.0,
            0.0,
            0.0,
            1.0
        ]
    ],
    "pose_D": [
        [
            0.004883805494209054,
            -0.6982961848494448,
            0.7157922789948248,
            0.016810909152124798
        ],
        [
            0.9999816902584634,
            0.005968074942087259,
            -0.001000614467431049,
            0.06894517821089483
        ],
        [
            -0.0035731766988962854,
            0.715784059829636,
            0.6983125461439763,
            -0.1770022820891468
        ],
        [
            0.0,
            0.0,
            0.0,
            1.0
        ]
    ]
}